{
    "train_loss": [
        1.3852504912544699,
        1.3465557799619787,
        1.2831242890918957,
        1.2509575836798723,
        1.1471926955615772,
        1.0058443721602945,
        0.926452776964973,
        0.8452383393750471,
        0.710374100243344,
        0.5969776458599988,
        0.49666932137573466,
        0.4283544118790066,
        0.4867035290774177,
        0.3113461947616409,
        0.3069194452289273,
        0.2311657939982765,
        0.31131503292742896,
        0.23936595565036817,
        0.2848319817772683,
        0.16510159314117012,
        0.16752026345142546,
        0.16542955564663692,
        0.17406317706712904,
        0.1686241993242327,
        0.12368853354607434,
        0.08060726705555092,
        0.08039288426858976,
        0.10290578900672057,
        0.21942094571011908,
        0.1730607887456084,
        0.19837294935303576,
        0.11711617381147602,
        0.06344550201559768,
        0.11804030895890559,
        0.06168385859414497,
        0.02992567958940259,
        0.02246294667779961,
        0.018348378594964743,
        0.01601975124247153,
        0.041516946447218823,
        0.3219841787153307,
        0.2723011853830779,
        0.12118623164646766,
        0.05777869253035854,
        0.03329260109732037,
        0.017525646061746076,
        0.010881974279661389,
        0.010260249926325153,
        0.008012907418614143,
        0.005438953292254797,
        0.006334515185752774,
        0.06637829347335569,
        0.11515877039774376,
        0.027674637666410384,
        0.03522845472017413,
        0.01228653741931981,
        0.1016455032496357,
        0.18845882748856263,
        0.07349095301812186,
        0.05345903882099425,
        0.03045112072654507,
        0.028544761014499646,
        0.03229937166222097,
        0.01100693061701296
    ],
    "train_acc": [
        28.49264705882353,
        32.169117647058826,
        43.01470588235294,
        41.1764705882353,
        50.919117647058826,
        59.74264705882353,
        60.294117647058826,
        66.91176470588235,
        71.13970588235294,
        75.55147058823529,
        80.88235294117646,
        84.19117647058823,
        81.25,
        88.6029411764706,
        88.6029411764706,
        92.27941176470588,
        89.70588235294117,
        92.6470588235294,
        89.70588235294117,
        94.48529411764706,
        95.03676470588235,
        93.19852941176471,
        93.75,
        94.48529411764706,
        95.40441176470588,
        97.24264705882354,
        96.50735294117646,
        96.69117647058823,
        91.36029411764706,
        93.93382352941177,
        92.83088235294117,
        96.69117647058823,
        97.79411764705883,
        97.05882352941177,
        97.61029411764706,
        99.08088235294117,
        99.44852941176471,
        99.63235294117646,
        99.44852941176471,
        99.08088235294117,
        90.25735294117646,
        90.44117647058823,
        94.8529411764706,
        98.52941176470588,
        98.71323529411765,
        99.63235294117646,
        99.81617647058823,
        99.81617647058823,
        100.0,
        100.0,
        99.81617647058823,
        97.61029411764706,
        96.69117647058823,
        99.26470588235294,
        98.8970588235294,
        100.0,
        97.61029411764706,
        94.11764705882354,
        97.42647058823529,
        98.71323529411765,
        99.08088235294117,
        99.08088235294117,
        98.8970588235294,
        100.0
    ],
    "val_loss": [
        1.3589198308832504,
        1.3043406851151411,
        1.3163291987250834,
        1.2004810641793644,
        1.0202323058072258,
        1.0111208452897913,
        0.9329271947636324,
        0.8393900850239921,
        0.681630039916319,
        0.8981026446118074,
        0.5089464713545406,
        0.5937291418804842,
        0.6767079462023342,
        0.4096060351413839,
        0.31837167722337384,
        0.29681066949577894,
        0.32451068040202646,
        0.40600277921732736,
        0.27161816244616227,
        0.2697138501440777,
        0.37171292655608235,
        0.45704127848148346,
        0.2722263125812306,
        0.27337587975403843,
        0.3036920004798209,
        0.27456775220001445,
        0.29539917261504073,
        0.44537818957777586,
        0.29821112445172143,
        0.5230608564965865,
        0.4255043833571322,
        0.3163111218634774,
        0.2986573888098492,
        0.3176477494485238,
        0.2753433190724429,
        0.2615721658255686,
        0.2778166940654902,
        0.2702229922664735,
        0.4185400768183172,
        0.3820819192264667,
        0.39325431778150444,
        0.38790332175352993,
        0.318203232196324,
        0.24341597254661954,
        0.2457925873425077,
        0.24837940399918487,
        0.2714701341191197,
        0.2869634969324312,
        0.2906112634056412,
        0.29508668007603023,
        0.33788766485282823,
        0.337269667755155,
        0.2913642034811132,
        0.3220178635845728,
        0.3382117295610335,
        0.28239568124306114,
        0.4513862185618457,
        0.463833345209851,
        0.2801809573874754,
        0.23301995937329004,
        0.2870121706167565,
        0.2723008552018334,
        0.2945999650503783,
        0.3245337573975763
    ],
    "val_acc": [
        34.55882352941177,
        39.705882352941174,
        37.5,
        43.38235294117647,
        59.55882352941177,
        59.55882352941177,
        58.088235294117645,
        65.44117647058823,
        71.32352941176471,
        65.44117647058823,
        79.41176470588235,
        72.79411764705883,
        70.58823529411765,
        86.02941176470588,
        86.76470588235294,
        88.97058823529412,
        88.97058823529412,
        83.08823529411765,
        89.70588235294117,
        91.91176470588235,
        90.44117647058823,
        86.76470588235294,
        91.91176470588235,
        93.38235294117646,
        90.44117647058823,
        90.44117647058823,
        91.91176470588235,
        83.82352941176471,
        91.91176470588235,
        84.55882352941177,
        87.5,
        93.38235294117646,
        92.6470588235294,
        90.44117647058823,
        93.38235294117646,
        92.6470588235294,
        93.38235294117646,
        91.91176470588235,
        89.70588235294117,
        91.91176470588235,
        89.70588235294117,
        88.23529411764706,
        92.6470588235294,
        94.8529411764706,
        93.38235294117646,
        94.8529411764706,
        94.11764705882354,
        94.11764705882354,
        93.38235294117646,
        94.11764705882354,
        93.38235294117646,
        90.44117647058823,
        92.6470588235294,
        89.70588235294117,
        91.17647058823529,
        94.8529411764706,
        86.02941176470588,
        88.23529411764706,
        90.44117647058823,
        94.11764705882354,
        94.11764705882354,
        94.8529411764706,
        93.38235294117646,
        91.17647058823529
    ],