{
    "train_loss": [
        1.3929622096752903,
        1.3615030695539,
        1.3493274811210982,
        1.3175627113482273,
        1.2484142627191106,
        1.2050160475827139,
        1.0913256439593955,
        1.050897225327448,
        1.005573376056251,
        0.9150544661994374,
        1.0131853348618254,
        0.8976783391532548,
        0.8197457265416417,
        0.7850943273360577,
        0.7220693629816037,
        0.7630959880461387,
        0.5836060558437207,
        0.5738625810780656,
        0.5130987812619691,
        0.4782686457721465,
        0.5132300181126376,
        0.7084985539453839,
        0.4750167486864492,
        0.4308796732797535,
        0.4213798590209506,
        0.39938342981382247,
        0.5049861992171051,
        0.39394880448459485,
        0.30468326697655773,
        0.32097514807631117,
        0.25376361526480506,
        0.2155281873676208,
        0.27148185766071353,
        0.2838221509522254,
        0.32828574388399034,
        0.21043544365178554,
        0.17167143756096517,
        0.1519326868407223,
        0.1473662287441142,
        0.10282728800533014,
        0.26871331828996675,
        0.2653977049326678,
        0.21018806185334102,
        0.14989521176716603,
        0.2707546112734243,
        0.21612520775663743,
        0.15652919553835457,
        0.10716314928247295,
        0.0722770857359838,
        0.0537376370315158,
        0.0635125312031409,
        0.0665177760150181,
        0.06469593430365171,
        0.18639549838567,
        0.19900624296807368,
        0.09272241551394857,
        0.12447573340267216,
        0.059915996882893625,
        0.09759407428973312,
        0.07797621532317696,
        0.058521836244185034,
        0.05686882517616683,
        0.06470141231740287,
        0.02390745682898191,
        0.021588047402440955,
        0.015638661348696695,
        0.009270741471832772,
        0.007139079187304602,
        0.005901114053921689,
        0.005308985034080752,
        0.005006591075980062,
        0.0040147384829443255,
        0.005138027065202867,
        0.003987813255228444,
        0.004205533620525459,
        0.0029895243346007593,
        0.0031665998164974495,
        0.0028871402951863106,
        0.0033800552658941768,
        0.0026553990148486346,
        0.002635518438182771,
        0.0022919250656466147,
        0.0029217279046227077
    ],
    "train_acc": [
        23.853211009174313,
        30.73394495412844,
        33.027522935779814,
        38.07339449541284,
        45.87155963302752,
        44.03669724770642,
        52.293577981651374,
        50.45871559633027,
        56.42201834862385,
        62.38532110091743,
        57.3394495412844,
        61.46788990825688,
        61.92660550458716,
        70.64220183486239,
        72.93577981651376,
        68.80733944954129,
        78.89908256880734,
        76.60550458715596,
        78.89908256880734,
        80.27522935779817,
        77.98165137614679,
        70.64220183486239,
        82.11009174311927,
        85.3211009174312,
        83.94495412844037,
        87.1559633027523,
        78.44036697247707,
        83.4862385321101,
        89.44954128440367,
        89.90825688073394,
        90.8256880733945,
        93.11926605504587,
        90.8256880733945,
        89.44954128440367,
        89.44954128440367,
        91.28440366972477,
        94.03669724770643,
        94.95412844036697,
        94.03669724770643,
        96.78899082568807,
        88.9908256880734,
        89.44954128440367,
        92.66055045871559,
        97.24770642201835,
        89.90825688073394,
        94.03669724770643,
        94.03669724770643,
        96.3302752293578,
        98.62385321100918,
        98.62385321100918,
        98.1651376146789,
        98.1651376146789,
        98.1651376146789,
        94.4954128440367,
        94.03669724770643,
        95.87155963302752,
        96.78899082568807,
        98.62385321100918,
        97.70642201834862,
        97.70642201834862,
        97.70642201834862,
        98.1651376146789,
        97.70642201834862,
        99.54128440366972,
        99.08256880733946,
        100.0,
        100.0,
        100.0,
        100.0,
        100.0,
        100.0,
        100.0,
        100.0,
        100.0,
        100.0,
        100.0,
        100.0,
        100.0,
        100.0,
        100.0,
        100.0,
        100.0,
        100.0
    ],
    "val_loss": [
        1.4434456648649994,
        1.4637103654720165,
        1.466345535384284,
        1.4444213134271127,
        1.4471727433028045,
        1.3738362833305642,
        1.3325665968435783,
        1.3811823306260285,
        1.3958348477328266,
        1.2612291486174971,
        1.2367817362149556,
        1.1298588072812115,
        1.1498488717608981,
        0.9736250594810203,
        0.7937486017191852,
        0.7913407418462965,
        0.9238517659681814,
        1.247033108163763,
        1.11563805297569,
        0.8222056693500943,
        0.8928556574715508,
        0.7787960569063822,
        0.7545678946706984,
        0.6132245946813513,
        0.837636469690888,
        0.9393530333483661,
        1.0671879560859114,
        0.8145432383925827,
        0.5397733505125399,
        0.7179640939942112,
        0.4578323209727252,
        0.620223895267204,
        0.7464858249381736,
        0.9883323510487875,
        0.6593554240685923,
        0.5795422880737869,
        0.51547485921118,
        0.5755173387350859,
        0.5692117390809236,
        0.48182057009802925,
        0.37746460680608396,
        0.7144871045041967,
        0.45800067870705213,
        0.5312371414016794,
        0.5014183499194957,
        0.8035946344887769,
        0.35609575885313527,
        0.4010093085191868,
        0.5831336872997107,
        0.35592225566506386,
        0.7305948102363834,
        0.6778543050642367,
        0.8358105012664089,
        0.36414691585081593,
        0.7151792954515528,
        0.3759414012785311,
        0.6564171270087913,
        0.645894032937509,
        0.7173821920597995,
        0.4222595305354507,
        0.5340818867639259,
        0.6463127467367384,
        0.32451032046918515,
        0.3959508690017241,
        0.3204832110140059,
        0.521925057525988,
        0.4146223509753192,
        0.42582661741309696,
        0.4121405462975855,
        0.42605792786236163,
        0.4658756098813481,
        0.46375314615390917,
        0.41273526985336234,
        0.41546638116792395,
        0.4612252601870784,
        0.46947768910063636,
        0.5026827410415367,
        0.4934138699814125,
        0.4828831026399577,
        0.5687377314876627,
        0.5203329688972897,
        0.5086039462023311,
        0.612637534737587
    ],