{
    "train_loss": [
        1.4064857773824568,
        1.3623578187522538,
        1.3186254676328886,
        1.280160051967026,
        1.2309673685546314,
        1.208050034461765,
        1.1554850782823125,
        1.1112654635665613,
        1.065858080983162,
        0.989010114188588,
        1.0237424832965256,
        1.0098369230917834,
        0.9860363312817495,
        0.8525669662230605,
        0.8494239159680288,
        0.8418689167827641,
        0.743938785080516,
        0.7166014685543305,
        0.6887360942473105,
        0.690742137235239,
        0.5873537319242408,
        0.5347010556164138,
        0.4909839449330754,
        0.47108544176871625,
        0.46781934018528787,
        0.4592986579881896,
        0.4203647604776085,
        0.3963925215082431,
        0.3815300152936113,
        0.43052701064206045,
        0.39188118620750007,
        0.3573085193718792,
        0.41472827082653657,
        0.31203016076544554,
        0.2993298361607648,
        0.2867388349334034,
        0.28491263077893386,
        0.26069667675626385,
        0.23058733357748853,
        0.20026513175406588,
        0.18201659004622645,
        0.18327612033404342,
        0.18802662159598202,
        0.17743794127888635,
        0.16363417029107383,
        0.14870146422758015,
        0.1621892816566546,
        0.15251563680828165,
        0.15915033986809057,
        0.15468123985813298,
        0.1333904509013946,
        0.12878793148204273,
        0.12944223588212914,
        0.12948738106893837,
        0.1403547035649829,
        0.11223007950487487,
        0.1085036930141099,
        0.08757212778570456,
        0.10387234029214863
    ],
    "train_acc": [
        26.146788990825687,
        27.06422018348624,
        37.61467889908257,
        40.36697247706422,
        46.788990825688074,
        44.03669724770642,
        44.03669724770642,
        50.45871559633027,
        55.04587155963303,
        58.71559633027523,
        55.96330275229358,
        55.96330275229358,
        59.174311926605505,
        67.88990825688073,
        66.5137614678899,
        65.13761467889908,
        70.64220183486239,
        71.10091743119266,
        73.39449541284404,
        70.64220183486239,
        78.44036697247707,
        80.73394495412845,
        82.11009174311927,
        83.94495412844037,
        86.23853211009174,
        85.3211009174312,
        86.69724770642202,
        88.07339449541284,
        88.07339449541284,
        84.40366972477064,
        88.07339449541284,
        89.44954128440367,
        84.86238532110092,
        92.20183486238533,
        90.8256880733945,
        90.8256880733945,
        89.90825688073394,
        94.03669724770643,
        94.03669724770643,
        95.41284403669725,
        96.78899082568807,
        97.24770642201835,
        96.78899082568807,
        95.87155963302752,
        97.24770642201835,
        97.70642201834862,
        97.70642201834862,
        97.70642201834862,
        97.70642201834862,
        96.3302752293578,
        99.08256880733946,
        99.08256880733946,
        98.62385321100918,
        99.54128440366972,
        97.24770642201835,
        99.54128440366972,
        98.1651376146789,
        100.0,
        98.1651376146789
    ],
    "val_loss": [
        1.453619608172664,
        1.4312031931347318,
        1.4682083968762998,
        1.3899679360566315,
        1.4428525147614655,
        1.3785830250492803,
        1.2481924251273826,
        1.2432403961817424,
        1.227658713305438,
        1.1732472093017012,
        1.2076939079496596,
        1.1102651269347579,
        1.1254264822712652,
        1.0298619667689006,
        1.042111286410579,
        0.9604804383383857,
        0.919538762834337,
        0.8029213503555015,
        0.9119517979798494,
        0.8097837721859967,
        0.7863969802856445,
        0.7403113466721994,
        0.7770924237039354,
        0.7116557845362911,
        0.7058652374479506,
        0.6691239387900741,
        0.7053702826853152,
        0.7012894815868802,
        0.612586047914293,
        0.6073130612020139,
        0.5863070311369719,
        0.6819837358262804,
        0.5903085624730146,
        0.542538188121937,
        0.5230705914673982,
        0.6085665579195376,
        0.7111753291553922,
        0.5120228197839525,
        0.5391145271283609,
        0.5722357785260236,
        0.5441420563945064,
        0.5675787263446384,
        0.573513917349003,
        0.5344908557556294,
        0.5233756447279895,
        0.5752307176589966,
        0.5109443101618025,
        0.5574629505475363,
        0.5928363369570838,
        0.5819106377937175,
        0.5826313098271688,
        0.6211348937617408,
        0.6218099605154108,
        0.5832165071257839,
        0.513497954165494,
        0.5678342227582578,
        0.5503095565018831,
        0.5936695966455672,
        0.584469172137755
    ],
    "val_acc": [
        22.22222222222222,
        22.22222222222222,
        29.62962962962963,
        38.888888888888886,
        35.18518518518518,
        38.888888888888886,
        46.2962962962963,
        48.148148148148145,
        40.74074074074074,
        48.148148148148145,
        40.74074074074074,
        46.2962962962963,
        51.851851851851855,
        48.148148148148145,
        51.851851851851855,
        44.44444444444444,
        53.7037037037037,
        61.111111111111114,
        51.851851851851855,
        55.55555555555556,
        62.96296296296296,
        66.66666666666667,
        55.55555555555556,
        62.96296296296296,
        68.51851851851852,
        70.37037037037037,
        68.51851851851852,
        68.51851851851852,
        70.37037037037037,
        72.22222222222223,
        74.07407407407408,
        62.96296296296296,
        77.77777777777777,
        77.77777777777777,
        70.37037037037037,
        74.07407407407408,
        70.37037037037037,
        77.77777777777777,
        79.62962962962963,
        75.92592592592592,
        77.77777777777777,
        75.92592592592592,
        74.07407407407408,
        79.62962962962963,
        77.77777777777777,
        75.92592592592592,
        75.92592592592592,
        77.77777777777777,
        72.22222222222223,
        77.77777777777777,
        77.77777777777777,
        75.92592592592592,
        75.92592592592592,
        75.92592592592592,
        79.62962962962963,
        77.77777777777777,
        75.92592592592592,
        79.62962962962963,
        75.92592592592592
    ],