{
    "train_loss": [
        1.3726392483365708,
        1.2865228618400684,
        1.1965119234029797,
        1.1157985113669133,
        1.0135448963745781,
        0.9524331922116487,
        0.8185601579970208,
        0.7495501628820447,
        0.7432082083778105,
        0.6555869298568671,
        0.646267442383628,
        0.5140464355548223,
        0.5118498856174774,
        0.4738206759743068,
        0.38116341721320496,
        0.4183983432425969,
        0.35866728219865024,
        0.3521586783986161,
        0.39551168518221896,
        0.39103521816972375,
        0.318870993088121,
        0.2532941258471945,
        0.24148531935677148,
        0.22726978601860828,
        0.20391355575048836,
        0.2018994472488977,
        0.21201058158624,
        0.16703186780754206,
        0.16727535213357297,
        0.16741865687072277,
        0.15571852151196505,
        0.15105748302100794,
        0.11960126745744028,
        0.12846366348473923,
        0.12288190408920248,
        0.11116771683420824,
        0.10048312625334854,
        0.10949984530958792
    ],
    "train_acc": [
        30.07246376811594,
        40.39855072463768,
        46.01449275362319,
        48.369565217391305,
        56.34057971014493,
        61.41304347826087,
        66.66666666666667,
        70.47101449275362,
        69.56521739130434,
        74.09420289855072,
        75.72463768115942,
        81.8840579710145,
        80.6159420289855,
        82.78985507246377,
        85.32608695652173,
        85.5072463768116,
        87.31884057971014,
        88.94927536231884,
        87.31884057971014,
        86.23188405797102,
        90.03623188405797,
        92.21014492753623,
        93.65942028985508,
        93.65942028985508,
        94.7463768115942,
        93.65942028985508,
        93.47826086956522,
        95.47101449275362,
        94.7463768115942,
        94.3840579710145,
        95.47101449275362,
        95.28985507246377,
        96.73913043478261,
        96.92028985507247,
        96.92028985507247,
        96.92028985507247,
        97.10144927536231,
        96.55797101449275
    ],
    "val_loss": [
        1.3037846088409424,
        1.2573187351226807,
        1.1639518737792969,
        1.1314672380685806,
        1.0127921104431152,
        0.8876237124204636,
        0.746954619884491,
        0.8977439999580383,
        0.7911999970674515,
        0.6103272587060928,
        0.5872257873415947,
        0.6703099757432938,
        0.5396686717867851,
        0.5323570594191551,
        0.5226879417896271,
        0.48279913142323494,
        0.5069295391440392,
        0.3824433386325836,
        0.48930802196264267,
        0.5118713676929474,
        0.43220173567533493,
        0.3701072409749031,
        0.40147068724036217,
        0.4520306494086981,
        0.4964886009693146,
        0.5002394746989012,
        0.49653573893010616,
        0.5786190256476402,
        0.6321553327143192,
        0.5720479674637318,
        0.7252048328518867,
        0.5950060430914164,
        0.5731750689446926,
        0.3952961191534996,
        0.6171042453497648,
        0.5607343763113022,
        0.6997907608747482,
        0.6034135669469833
    ],
    "val_acc": [
        40.625,
        46.875,
        53.125,
        46.875,
        62.5,
        62.5,
        68.75,
        59.375,
        75.0,
        75.0,
        81.25,
        65.625,
        75.0,
        71.875,
        75.0,
        81.25,
        81.25,
        87.5,
        81.25,
        78.125,
        81.25,
        84.375,
        84.375,
        84.375,
        75.0,
        78.125,
        78.125,
        71.875,
        65.625,
        81.25,
        65.625,
        71.875,
        75.0,
        84.375,
        71.875,
        78.125,
        71.875,
        75.0
    ],
    "val_precision": [
        33.035714285714285,
        37.222222222222214,
        50.138888888888886,
        54.52380952380953,
        68.15025252525253,
        72.96703296703298,
        75.0,
        69.88636363636364,
        78.24175824175825,
        78.27380952380952,
        85.41666666666666,
        70.07575757575756,
        76.92099567099568,
        72.91666666666666,
        75.69444444444444,
        82.76515151515152,
        84.97023809523809,
        88.1628787878788,
        83.88888888888889,
        85.83333333333334,
        81.25,
        85.41666666666666,
        86.25,
        84.27579365079364,
        75.59523809523809,
        79.19372294372295,
        78.81944444444446,
        73.21067821067821,
        67.08333333333334,
        81.49801587301587,
        67.08333333333334,
        72.85714285714285,
        75.24801587301587,
        84.62301587301587,
        71.4556277056277,
        78.95833333333333,
        72.85714285714285,
        75.55555555555556
    ],
    "val_recall": [
        39.93055555555556,
        44.09722222222222,
        50.0,
        47.42063492063492,
        62.648809523809526,
        61.3095238095238,
        71.18055555555556,
        61.011904761904766,
        74.45436507936508,
        75.14880952380952,
        82.98611111111111,
        64.4345238095238,
        75.94246031746033,
        72.71825396825398,
        76.28968253968253,
        81.15079365079364,
        81.15079365079364,
        86.60714285714286,
        81.59722222222221,
        77.23214285714286,
        82.29166666666666,
        84.97023809523809,
        84.62301587301587,
        85.41666666666666,
        75.94246031746033,
        78.72023809523809,
        79.51388888888889,
        73.61111111111111,
        67.36111111111111,
        82.29166666666666,
        67.36111111111111,
        73.61111111111111,
        75.94246031746033,
        85.06944444444444,
        73.16468253968253,
        78.37301587301587,
        73.61111111111111,
        75.24801587301587
    ],
    "val_f1": [
        32.97619047619047,
        38.11798223562929,
        43.859487368615156,
        42.814082469254885,
        62.916666666666664,
        61.41414141414141,
        65.79025549613785,
        57.750582750582744,
        74.75690975690976,
        75.48076923076923,
        80.59294871794872,
        64.13533834586467,
        75.08771929824562,
        71.31410256410255,
        74.31839402427639,
        81.19047619047619,
        81.58195970695971,
        86.93910256410257,
        80.18253353973168,
        77.98076923076923,
        81.60539215686275,
        84.84162895927602,
        85.24797570850204,
        84.36274509803921,
        75.65651260504201,
        77.98540468819107,
        78.06372549019608,
        71.2484335839599,
        63.91241111829346,
        81.25,
        63.91241111829346,
        70.98506069094303,
        75.47268907563026,
        84.33823529411764,
        71.05263157894737,
        78.1531954887218,
        70.98506069094303,
        74.16729512317748
    ]
}