{
    "train_loss": [
        1.3611506732071148,
        1.2724465473609812,
        1.1863916823092628,
        1.1379640435471254,
        1.085366650539286,
        1.001028704292634,
        0.9292766443070244,
        0.8864636434351697,
        0.7774941386545405,
        0.7441587312256589,
        0.6629860326647758,
        0.5875561246100593,
        0.6265884578666266,
        0.5208008436157423,
        0.44032544817994623,
        0.42574566219221144,
        0.4411468932076412,
        0.3673239191994071,
        0.37762195156777606,
        0.28561092787148323,
        0.2326458924833466,
        0.18498994815437234,
        0.16549990841132753,
        0.1579800927052822,
        0.16077609461567857,
        0.1901660087682745,
        0.15637260401511893,
        0.13268635826020994,
        0.11151135485509739,
        0.12247314568444648,
        0.1296741084455896,
        0.11775362413540921,
        0.09027602167128969,
        0.07894547059721149,
        0.08226932013434742,
        0.07343098665382165,
        0.07978264979935963,
        0.09622147608110133,
        0.07703102840220227,
        0.06241714643992429,
        0.04969309690161882,
        0.04421842282103813,
        0.03769058605265694,
        0.05146574288236854,
        0.050175187674433214,
        0.04451044987688553,
        0.0368357461907983,
        0.0341245186932878,
        0.03265629885786706,
        0.027636166367515484,
        0.0383798987895716,
        0.031816634392324725,
        0.03816928195524002,
        0.028314417029511842,
        0.03189285312306739,
        0.025897137863520422,
        0.02895486942554057,
        0.027516052008757147,
        0.029518901817295152,
        0.030046245732057074,
        0.023740419885143638,
        0.02122032668301151,
        0.025366260305471608,
        0.018368983081446084,
        0.021332187763833003,
        0.01778000724152662,
        0.017974019022778308,
        0.01917500211343662,
        0.02367818193948444,
        0.01752427122932311,
        0.018251290680970724,
        0.01618773997966748,
        0.01892353746584644,
        0.019527226344507653,
        0.014898937796447975
    ],
    "train_acc": [
        32.904411764705884,
        40.80882352941177,
        46.50735294117647,
        48.89705882352941,
        51.286764705882355,
        56.98529411764706,
        60.11029411764706,
        62.68382352941177,
        69.66911764705883,
        73.16176470588235,
        72.9779411764706,
        79.2279411764706,
        77.20588235294117,
        81.06617647058823,
        84.55882352941177,
        83.63970588235294,
        83.08823529411765,
        86.58088235294117,
        86.3970588235294,
        90.07352941176471,
        93.56617647058823,
        94.48529411764706,
        95.58823529411765,
        95.22058823529412,
        96.13970588235294,
        94.66911764705883,
        95.40441176470588,
        96.875,
        96.875,
        97.05882352941177,
        95.95588235294117,
        96.69117647058823,
        97.79411764705883,
        97.9779411764706,
        98.16176470588235,
        98.16176470588235,
        97.9779411764706,
        97.61029411764706,
        98.34558823529412,
        98.16176470588235,
        98.52941176470588,
        98.8970588235294,
        99.08088235294117,
        98.52941176470588,
        98.8970588235294,
        98.52941176470588,
        99.26470588235294,
        99.26470588235294,
        99.44852941176471,
        99.26470588235294,
        99.26470588235294,
        99.26470588235294,
        99.08088235294117,
        99.44852941176471,
        99.26470588235294,
        99.44852941176471,
        99.26470588235294,
        99.44852941176471,
        98.8970588235294,
        99.63235294117646,
        99.63235294117646,
        99.81617647058823,
        99.63235294117646,
        99.63235294117646,
        99.63235294117646,
        99.81617647058823,
        99.44852941176471,
        99.63235294117646,
        99.26470588235294,
        99.81617647058823,
        99.44852941176471,
        99.63235294117646,
        99.63235294117646,
        99.63235294117646,
        99.63235294117646
    ],
    "val_loss": [
        1.3190230481764849,
        1.2440823807435877,
        1.164691406137803,
        1.0948217300807728,
        1.0287367526222677,
        0.9902552120825824,
        0.9101942777633667,
        0.9131157082669875,
        0.8352543115615845,
        0.747250579735812,
        0.7102206980480867,
        0.6326545731109732,
        0.6981217685867759,
        0.5562479075263528,
        0.6004691167789347,
        0.5445367755258784,
        0.46722836704815135,
        0.6029590986230794,
        0.4470025073079502,
        0.44132089088944826,
        0.34405977377558455,
        0.33486513420939445,
        0.33745772150509495,
        0.3434922866084996,
        0.35859767917324514,
        0.3343864020836704,
        0.33294149816912766,
        0.3215283273774035,
        0.3416232617352815,
        0.27325478196144104,
        0.29653743238133545,
        0.2898287292131606,
        0.28468016165253873,
        0.297028092229191,
        0.2725503008319613,
        0.2837380078237723,
        0.3049205532297492,
        0.3127351780148113,
        0.2651944109512603,
        0.2667444400379763,
        0.2567819994052543,
        0.26180657508837823,
        0.250459533143679,
        0.2705680931069176,
        0.2794555697370978,
        0.26376885933089345,
        0.2729214055408888,
        0.25063685075078596,
        0.2508345218375325,
        0.25077867092948186,
        0.26498681855360595,
        0.27119340903728323,
        0.24399111584267197,
        0.2424395341111128,
        0.21802519372089163,
        0.27256069113911296,
        0.2654735512264511,
        0.259895481306183,
        0.24151426494148942,
        0.2469845316852169,
        0.25850627691526074,
        0.253972507054534,
        0.24218413131722413,
        0.248216563335839,
        0.2576524176949854,
        0.2491486159612096,
        0.2468720156363869,
        0.2580274647711228,
        0.23774873536518393,
        0.24300759124418939,
        0.23665792540893615,
        0.2437055826680187,
        0.2496776491513147,
        0.24960398123777636,
        0.2691844124963288
    ],