{
    "train_loss": [
        1.384202439995373,
        1.3211525310488308,
        1.24242586423369,
        1.1546878569266374,
        1.0829830257331623,
        1.0005819341715645,
        0.9192191603429177,
        0.8265461693791782,
        0.6963358696769265,
        0.6186198285397362,
        0.5971544640248313,
        0.5066757500171661,
        0.45456329601652484,
        0.43351334278636117,
        0.343555222320206,
        0.3051048805937171,
        0.33977670033517127,
        0.3345406208296909,
        0.2814549039501478,
        0.2194560791968423,
        0.22119343768366995,
        0.19733081681325154,
        0.2001962020774098,
        0.18873338608125992,
        0.16633343041929252,
        0.12237625884111314,
        0.14474274654982283,
        0.12955420287599897,
        0.15963835545185515,
        0.12221060163574293,
        0.10364986493197434,
        0.07144533553818132,
        0.06426397766849465,
        0.09132171307882185,
        0.07716240147847737,
        0.08656798684216269,
        0.15172060878317364,
        0.3041261502486818,
        0.1374613146763295,
        0.13502240515834488,
        0.20749562793849585,
        0.11562488082905903,
        0.08059074196224923,
        0.05986663188977057,
        0.1450012430192574,
        0.1363847645218758,
        0.06127832351451028,
        0.049454363217056894,
        0.032057692611809165,
        0.0534695402970743,
        0.051702502834172374,
        0.029993319390889478,
        0.029092892531908172,
        0.018475424227397202,
        0.022178026547943076,
        0.017057857625117964,
        0.014216149325126453,
        0.012379883766270187,
        0.011912082261166206,
        0.014140849616310066,
        0.02058104379701784,
        0.1716143215787323,
        0.15266925777883872,
        0.1117149252574617,
        0.10308250732487068,
        0.09950210025314898,
        0.08516317796174382,
        0.03833417585701682,
        0.029150745504439864,
        0.018827351787716478,
        0.010788613827839178
    ],
    "train_acc": [
        26.83823529411765,
        36.580882352941174,
        42.830882352941174,
        47.97794117647059,
        53.125,
        59.55882352941177,
        62.31617647058823,
        65.625,
        73.71323529411765,
        77.75735294117646,
        75.73529411764706,
        82.90441176470588,
        84.74264705882354,
        85.4779411764706,
        87.86764705882354,
        88.41911764705883,
        88.05147058823529,
        88.97058823529412,
        90.07352941176471,
        92.83088235294117,
        93.56617647058823,
        94.30147058823529,
        93.93382352941177,
        93.01470588235294,
        95.58823529411765,
        96.32352941176471,
        95.22058823529412,
        95.40441176470588,
        94.8529411764706,
        95.40441176470588,
        97.24264705882354,
        98.52941176470588,
        98.16176470588235,
        96.69117647058823,
        97.9779411764706,
        97.61029411764706,
        95.03676470588235,
        90.07352941176471,
        95.58823529411765,
        96.13970588235294,
        93.38235294117646,
        95.95588235294117,
        97.61029411764706,
        98.34558823529412,
        96.13970588235294,
        95.7720588235294,
        98.16176470588235,
        98.71323529411765,
        99.44852941176471,
        98.16176470588235,
        98.71323529411765,
        99.63235294117646,
        99.44852941176471,
        99.63235294117646,
        99.44852941176471,
        99.44852941176471,
        100.0,
        99.63235294117646,
        100.0,
        99.63235294117646,
        99.63235294117646,
        94.48529411764706,
        94.30147058823529,
        96.50735294117646,
        95.95588235294117,
        96.69117647058823,
        96.69117647058823,
        99.08088235294117,
        99.26470588235294,
        99.44852941176471,
        99.81617647058823
    ],
    "val_loss": [
        1.3269894754185396,
        1.2799765081966625,
        1.1714073104016922,
        1.0993089465533985,
        1.029992568142274,
        0.9833710018326255,
        0.8575006548096152,
        0.8374598306768081,
        0.6787729263305664,
        0.7849909715792712,
        0.6219926599194022,
        0.6410519357989816,
        0.4680534031461267,
        0.5226308975149604,
        0.42700055767508116,
        0.40126338206669865,
        0.3958798804703881,
        0.3715565454433946,
        0.3609728789066567,
        0.4456770700566909,
        0.3228867010158651,
        0.3133601007216117,
        0.2737458926789901,
        0.2654428233337753,
        0.263288541642182,
        0.2865437977015972,
        0.31287528837428374,
        0.25754039444248467,
        0.2986559615853955,
        0.23782527682316654,
        0.23924164452096996,
        0.27670028783819256,
        0.30675585628213253,
        0.22784665763816414,
        0.2795213834820863,
        0.25457108930191574,
        0.8124671122607063,
        0.2676941344843191,
        0.3029282075517318,
        0.3946839978589731,
        0.3729777360225425,
        0.3318365305004751,
        0.2641776127412039,
        0.3201217985547641,
        0.3659595115219845,
        0.2425149118199068,
        0.19478751954567783,
        0.20591557486092343,
        0.1988473831100718,
        0.25094186290002923,
        0.21298116292147076,
        0.22031010303865461,
        0.21869730641928448,
        0.2187885404427481,
        0.2284462232800091,
        0.21917674930163605,
        0.2465256416848313,
        0.23006367290337734,
        0.24019626347923323,
        0.2551511468961561,
        0.3067888975407079,
        0.333736702471095,
        0.2945610302336076,
        0.29126903135329485,
        0.4025596145211774,
        0.26525437083396625,
        0.24159824526320925,
        0.2663878909558715,
        0.24876935930018695,
        0.24722453273887582,
        0.2509337742675972
    ],
    "val_acc": [
        38.970588235294116,
        45.588235294117645,
        47.05882352941177,
        53.6764705882353,
        55.14705882352941,
        52.205882352941174,
        63.23529411764706,
        65.44117647058823,
        74.26470588235294,
        68.38235294117646,
        76.47058823529412,
        72.79411764705883,
        81.61764705882354,
        80.1470588235294,
        84.55882352941177,
        85.29411764705883,
        83.82352941176471,
        84.55882352941177,
        85.29411764705883,
        84.55882352941177,
        89.70588235294117,
        88.23529411764706,
        91.91176470588235,
        91.91176470588235,
        91.17647058823529,
        90.44117647058823,
        91.17647058823529,
        90.44117647058823,
        90.44117647058823,
        92.6470588235294,
        91.91176470588235,
        92.6470588235294,
        90.44117647058823,
        93.38235294117646,
        91.17647058823529,
        94.11764705882354,
        75.73529411764706,
        91.17647058823529,
        88.97058823529412,
        88.97058823529412,
        87.5,
        88.23529411764706,
        93.38235294117646,
        93.38235294117646,
        86.76470588235294,
        91.91176470588235,
        94.8529411764706,
        93.38235294117646,
        94.8529411764706,
        93.38235294117646,
        95.58823529411765,
        94.11764705882354,
        94.11764705882354,
        93.38235294117646,
        94.11764705882354,
        94.11764705882354,
        94.11764705882354,
        94.11764705882354,
        94.11764705882354,
        94.11764705882354,
        92.6470588235294,
        90.44117647058823,
        88.97058823529412,
        91.91176470588235,
        88.97058823529412,
        89.70588235294117,
        93.38235294117646,
        94.11764705882354,
        92.6470588235294,
        94.11764705882354,
        93.38235294117646
    ],