{
    "train_loss": [
        1.372319985431249,
        1.2845618473856073,
        1.166186635161052,
        1.0644576652296658,
        0.9468032281757915,
        0.8481980687693546,
        0.7924515700167191,
        0.7648805258711107,
        0.6970932325737014,
        0.6646646544093878,
        0.6877621688124489,
        0.5528891355935113,
        0.49667383235509077,
        0.5266817639397623,
        0.4452078695359983,
        0.38252731054318145,
        0.40615696401864343,
        0.35600740469302544,
        0.4001730411108955,
        0.3142842291812066,
        0.2396821016733097,
        0.20074864778458099,
        0.19602052087197502,
        0.18056484123864322,
        0.18039773236926368,
        0.17104642536700745,
        0.14994105708171798,
        0.13314056299126517,
        0.12245026746673505,
        0.11692049125794274,
        0.13606338614019856,
        0.11680776013328462,
        0.141870817997765,
        0.10769051727847266,
        0.08997714114181035,
        0.077523242601087,
        0.08976602811913957,
        0.10148965385480498,
        0.13059146898019444,
        0.08905579615553365,
        0.07768641168863501,
        0.06092250817193364,
        0.07130005262359408,
        0.06180833454012276,
        0.05912090729780076,
        0.05250751227478475,
        0.053480898004748645,
        0.053624349266811255
    ],
    "train_acc": [
        28.67513611615245,
        38.83847549909256,
        46.82395644283122,
        55.172413793103445,
        60.798548094373864,
        66.60617059891108,
        68.23956442831216,
        70.5989110707804,
        69.69147005444646,
        74.22867513611615,
        73.13974591651542,
        80.21778584392014,
        81.30671506352087,
        79.85480943738656,
        83.66606170598911,
        86.02540834845735,
        84.93647912885662,
        88.02177858439201,
        83.12159709618875,
        88.92921960072596,
        92.5589836660617,
        94.55535390199637,
        94.37386569872959,
        94.01088929219601,
        94.1923774954628,
        95.82577132486388,
        95.28130671506352,
        96.18874773139746,
        97.45916515426497,
        97.45916515426497,
        95.4627949183303,
        96.73321234119783,
        95.4627949183303,
        98.00362976406534,
        98.36660617059891,
        98.5480943738657,
        96.73321234119783,
        98.00362976406534,
        94.55535390199637,
        97.64065335753176,
        98.00362976406534,
        98.72958257713249,
        98.5480943738657,
        98.91107078039927,
        98.72958257713249,
        98.91107078039927,
        98.91107078039927,
        98.72958257713249
    ],
    "val_loss": [
        1.303563165838701,
        1.1980629550279491,
        1.1599043699076577,
        1.1325909195155124,
        0.9408283407670738,
        0.8330110124427906,
        0.8381904592044163,
        0.8148936172471429,
        0.7034401001721403,
        0.7032467940427961,
        0.7256171581518911,
        0.5924618670540135,
        0.5566616523874938,
        0.6768895183166448,
        0.5356115698814392,
        0.44121583926416663,
        0.4477018476837743,
        0.6382370917466436,
        0.570486902320472,
        0.42417078949239134,
        0.39276738345187945,
        0.36971018196892563,
        0.34141157143307427,
        0.3500032455381686,
        0.3309975525323492,
        0.37707535074140036,
        0.31861408957599724,
        0.35754259485397893,
        0.34010543720456804,
        0.3310421731894034,
        0.3387485275955966,
        0.3261083727770478,
        0.31775123789145127,
        0.302019673732728,
        0.31774773527562183,
        0.3142327318498253,
        0.27020896889650037,
        0.3612043642350575,
        0.36138039125795784,
        0.27291469664795553,
        0.3227169953395415,
        0.30403115775735273,
        0.33277056434184965,
        0.32143167744859724,
        0.3264873138336587,
        0.31580908109100847,
        0.35923162689364524,
        0.3157523434310064
    ],
    "val_acc": [
        40.14598540145985,
        46.715328467153284,
        54.01459854014598,
        51.824817518248175,
        59.12408759124087,
        66.42335766423358,
        63.503649635036496,
        63.503649635036496,
        76.64233576642336,
        70.07299270072993,
        68.61313868613139,
        77.37226277372262,
        81.02189781021897,
        73.72262773722628,
        81.02189781021897,
        85.4014598540146,
        81.02189781021897,
        72.99270072992701,
        75.91240875912409,
        86.86131386861314,
        86.86131386861314,
        87.5912408759124,
        88.32116788321167,
        89.78102189781022,
        89.05109489051095,
        88.32116788321167,
        87.5912408759124,
        91.24087591240875,
        89.05109489051095,
        89.05109489051095,
        89.05109489051095,
        89.78102189781022,
        89.78102189781022,
        88.32116788321167,
        87.5912408759124,
        88.32116788321167,
        88.32116788321167,
        87.5912408759124,
        89.05109489051095,
        89.05109489051095,
        90.51094890510949,
        89.05109489051095,
        89.05109489051095,
        90.51094890510949,
        89.78102189781022,
        89.05109489051095,
        89.05109489051095,
        90.51094890510949
    ],
    "val_precision": [
        51.89935064935065,
        46.215538847117784,
        57.97852474323062,
        58.01050476716676,
        58.021754668096136,
        65.41868742177721,
        64.43064182194617,
        63.46999661933739,
        76.30713489409142,
        71.65976238086525,
        74.53497023809523,
        76.6157250698474,
        82.35335519342873,
        76.15769712140175,
        80.91324535679374,
        85.3552623499432,
        80.65984217300006,
        78.6356763196481,
        75.85635926043398,
        85.76522435897435,
        86.07018752139012,
        86.21579219770977,
        87.3493283845882,
        88.47856018882769,
        87.85714285714286,
        87.12053571428572,
        86.79526601830663,
        90.0615153788447,
        87.86904761904762,
        88.4661036532846,
        88.63636363636364,
        88.51366088180113,
        88.27354366064044,
        86.84596399535424,
        86.09969608879493,
        87.31797778082031,
        87.62734017606581,
        86.48938009199411,
        87.44791666666667,
        88.04618768328446,
        88.90907479617157,
        87.51366088180113,
        87.35431235431234,
        89.5340909090909,
        88.60595429029672,
        87.94222836317033,
        87.93380107122304,
        89.14829580988118
    ],