{
    "train_loss": [
        1.4014361232792565,
        1.3617896858705294,
        1.3129021596471104,
        1.2953847067071758,
        1.2461895570842498,
        1.2350643413876174,
        1.168963185144127,
        1.1474937998920405,
        1.1140996677066208,
        1.0499361819083537,
        0.9902907538851466,
        0.9637959692456307,
        0.9154077024634825,
        0.852543400788526,
        0.8435475618467418,
        0.7718390806005635,
        0.7916725748175875,
        0.7177136266997101,
        0.7200043835771193,
        0.6947100818704027,
        0.6861246258293817,
        0.5835431507968027,
        0.5663851680011924,
        0.48920072382743207,
        0.48100261048439447,
        0.4713304649799242,
        0.5458150426729009,
        0.5188799620768346,
        0.4026012393312717,
        0.38889516459419093,
        0.33970497808325184,
        0.43626574310687705,
        0.3470933718965688,
        0.29072735796964494,
        0.2807577497095143,
        0.2493078565788925,
        0.232314109938954,
        0.43891922213615625,
        0.3450957762265424,
        0.23209119102823625,
        0.1998546034644503,
        0.21817712718193685,
        0.20903120620535054,
        0.18526042997837067,
        0.14428457474216408,
        0.13919038708330295,
        0.20687811924230068,
        0.23035994172096252,
        0.23534323999641138,
        0.1457045370319841,
        0.16729330609834522,
        0.12926678714949055,
        0.09841402375711761,
        0.06956226910985665,
        0.05941012155247528,
        0.06246827477845577,
        0.07691768040760942,
        0.06071136292035973,
        0.07679424718569178,
        0.0821063501777452,
        0.1150021839613488,
        0.07078996046933286,
        0.05412063622898465,
        0.046981094157271974,
        0.0613405663144151,
        0.06199556539356367,
        0.060392857520678724,
        0.04680581155890992,
        0.040691978415611,
        0.029658260005483522,
        0.04398602797060248,
        0.05891725099688276,
        0.054444033387672466
    ],
    "train_acc": [
        27.06422018348624,
        33.944954128440365,
        36.23853211009175,
        37.61467889908257,
        44.03669724770642,
        44.03669724770642,
        46.330275229357795,
        48.1651376146789,
        50.45871559633027,
        58.25688073394495,
        56.42201834862385,
        55.96330275229358,
        60.55045871559633,
        67.43119266055047,
        64.22018348623853,
        67.43119266055047,
        66.97247706422019,
        71.55963302752293,
        71.55963302752293,
        73.39449541284404,
        72.93577981651376,
        76.60550458715596,
        78.44036697247707,
        81.65137614678899,
        81.19266055045871,
        82.11009174311927,
        80.73394495412845,
        78.89908256880734,
        85.77981651376147,
        86.23853211009174,
        86.23853211009174,
        83.02752293577981,
        88.53211009174312,
        92.20183486238533,
        90.36697247706422,
        91.28440366972477,
        93.57798165137615,
        83.4862385321101,
        88.53211009174312,
        94.4954128440367,
        94.95412844036697,
        93.11926605504587,
        93.57798165137615,
        95.41284403669725,
        96.78899082568807,
        97.24770642201835,
        93.11926605504587,
        92.20183486238533,
        92.20183486238533,
        96.78899082568807,
        96.3302752293578,
        97.70642201834862,
        98.1651376146789,
        99.08256880733946,
        99.54128440366972,
        99.08256880733946,
        97.24770642201835,
        98.1651376146789,
        97.70642201834862,
        98.62385321100918,
        96.3302752293578,
        99.08256880733946,
        99.08256880733946,
        99.54128440366972,
        99.08256880733946,
        97.24770642201835,
        98.1651376146789,
        99.54128440366972,
        99.54128440366972,
        99.54128440366972,
        98.62385321100918,
        99.08256880733946,
        99.08256880733946
    ],
    "val_loss": [
        1.4616812114362363,
        1.446367903991982,
        1.43773529264662,
        1.3815341393152873,
        1.3915168576770358,
        1.383807310351619,
        1.3550784985224407,
        1.272988337057608,
        1.247494728476913,
        1.1732660620300859,
        1.127337680922614,
        1.1286637076625117,
        1.0143820842107136,
        1.1054804501710114,
        1.057070913138213,
        0.866068771591893,
        0.8923538901187755,
        0.8151745707900436,
        1.06137928697798,
        0.9853747884432474,
        0.7729907742253056,
        0.9473217968587522,
        0.7056135888452884,
        0.6805181701978048,
        0.8216043931466562,
        0.6794851201551931,
        0.7575298349062601,
        0.7562529069406015,
        0.6333284091066431,
        0.8096850558563515,
        0.6592646307415433,
        0.6166858584792526,
        0.675472029933223,
        0.5742943728411639,
        0.47605659785094084,
        0.5205912424458398,
        0.45987649813846304,
        0.5765405473885713,
        0.616223508561099,
        0.44862161411179435,
        0.5278421132652847,
        0.5325889730895007,
        0.41780752495483114,
        0.44599315413722285,
        0.4428556820860616,
        0.4516754122795882,
        0.4048704720205731,
        0.4889399740431044,
        0.3183021898622866,
        0.4770644549970274,
        0.5015894505712721,
        0.3915195608580554,
        0.42849370230127265,
        0.3960977660285102,
        0.4517370672137649,
        0.4243314845694436,
        0.4349926160993399,
        0.47789282931221855,
        0.3786157198526241,
        0.3398823798806579,
        0.33817207868452426,
        0.3789659125937356,
        0.40481999295729176,
        0.3920688582239328,
        0.414809564197505,
        0.5334701137962164,
        0.5381866082273148,
        0.51202799766152,
        0.3662912442728325,
        0.4863639333181911,
        0.6397479775327223,
        0.5202507608466678,
        0.5473002170523008
    ],