{
    "train_loss": [
        1.3742701869080032,
        1.321988167970077,
        1.2378688705140266,
        1.1466620400332022,
        1.1017741215401802,
        1.002038595037184,
        0.9038575010887091,
        0.8439068617164225,
        0.7524570511735004,
        0.6526699726996215,
        0.5842165843300198,
        0.5567777582268784,
        0.4976026291648547,
        0.46782617119775305,
        0.46978827657690947,
        0.39670210169709247,
        0.33879082763324614,
        0.29946525122268475,
        0.2869530565280845,
        0.21700627594322397,
        0.268523659962027,
        0.2889615987845953,
        0.23792230159692143,
        0.18018721844461086,
        0.14717583728792227,
        0.15132290069216295,
        0.13802519918459913,
        0.09575246228580025,
        0.09693015860461131,
        0.14235789121628023,
        0.23083627888041994,
        0.12382802735690189,
        0.1612178443060459,
        0.08312942553311586
    ],
    "train_acc": [
        28.079710144927535,
        35.14492753623188,
        43.84057971014493,
        46.01449275362319,
        51.44927536231884,
        57.971014492753625,
        63.94927536231884,
        65.57971014492753,
        69.20289855072464,
        74.6376811594203,
        78.44202898550725,
        80.79710144927536,
        82.06521739130434,
        82.2463768115942,
        83.51449275362319,
        85.32608695652173,
        87.68115942028986,
        88.58695652173913,
        89.85507246376811,
        93.47826086956522,
        90.39855072463769,
        90.94202898550725,
        91.1231884057971,
        93.65942028985508,
        96.01449275362319,
        94.92753623188406,
        95.83333333333333,
        97.28260869565217,
        97.10144927536231,
        95.1086956521739,
        91.84782608695652,
        96.19565217391305,
        95.47101449275362,
        98.0072463768116
    ],
    "val_loss": [
        1.3019910007715225,
        1.236393004655838,
        1.1731778681278229,
        1.1112691760063171,
        1.0176287144422531,
        1.0024711638689041,
        0.8885167986154556,
        0.8420069962739944,
        0.7763662189245224,
        0.7067764103412628,
        0.6567373871803284,
        0.606327198445797,
        0.6785155013203621,
        0.5112873539328575,
        0.5633387342095375,
        0.6569034047424793,
        0.7078030407428741,
        0.5014850348234177,
        0.4005865976214409,
        0.3947219178080559,
        0.37016939371824265,
        0.420861903578043,
        0.35196710005402565,
        0.570214319974184,
        0.3871723134070635,
        0.39213531743735075,
        0.524448424577713,
        0.4305199347436428,
        0.5210967343300581,
        0.7053444981575012,
        0.45799319073557854,
        0.6063016094267368,
        0.5526981707662344,
        0.3619778919965029
    ],
    "val_acc": [
        43.75,
        50.0,
        53.125,
        53.125,
        59.375,
        62.5,
        68.75,
        59.375,
        75.0,
        75.0,
        71.875,
        78.125,
        71.875,
        90.625,
        81.25,
        71.875,
        68.75,
        87.5,
        84.375,
        84.375,
        87.5,
        87.5,
        90.625,
        87.5,
        90.625,
        87.5,
        81.25,
        87.5,
        90.625,
        78.125,
        87.5,
        84.375,
        84.375,
        84.375
    ],
    "val_precision": [
        33.482142857142854,
        37.89682539682539,
        40.24725274725275,
        40.67460317460318,
        71.78571428571428,
        77.5,
        69.31818181818181,
        60.119047619047606,
        77.94642857142857,
        79.67032967032966,
        73.92857142857142,
        81.0576923076923,
        72.754329004329,
        91.66666666666666,
        82.23214285714286,
        74.10714285714285,
        75.59523809523809,
        90.17857142857143,
        87.5,
        85.31746031746032,
        88.19444444444444,
        90.17857142857143,
        91.25,
        89.20454545454545,
        91.31944444444444,
        89.20454545454545,
        82.67857142857143,
        89.20454545454545,
        91.94444444444444,
        81.37626262626263,
        89.6103896103896,
        85.80357142857142,
        85.41666666666666,
        87.05357142857143
    ],
    "val_recall": [
        40.97222222222222,
        47.22222222222222,
        50.69444444444444,
        50.34722222222222,
        57.04365079365079,
        59.82142857142857,
        67.21230158730158,
        59.77182539682539,
        73.21428571428572,
        74.0079365079365,
        71.57738095238095,
        76.78571428571428,
        73.16468253968253,
        90.97222222222221,
        81.0515873015873,
        73.16468253968253,
        70.03968253968253,
        87.05357142857143,
        84.72222222222221,
        84.62301587301587,
        88.19444444444444,
        87.05357142857143,
        90.625,
        87.05357142857143,
        90.97222222222221,
        87.05357142857143,
        81.84523809523809,
        87.05357142857143,
        90.625,
        78.02579365079364,
        87.40079365079364,
        85.06944444444444,
        84.62301587301587,
        83.92857142857143
    ],
    "val_f1": [
        33.50378787878788,
        41.09803921568628,
        44.242424242424235,
        44.03921568627452,
        54.02591973244147,
        56.666666666666664,
        66.44053315105947,
        59.420563097033686,
        73.17098662207357,
        75.03163503163503,
        71.90058479532165,
        77.29978354978356,
        71.9329573934837,
        90.76388888888889,
        81.48652882205515,
        72.26190476190474,
        69.90176490176489,
        87.61904761904762,
        84.49800973020787,
        84.79458450046684,
        87.84313725490196,
        87.61904761904762,
        90.32111528822054,
        87.26190476190474,
        90.61274509803923,
        87.26190476190474,
        81.52777777777777,
        87.26190476190474,
        90.32111528822054,
        77.25490196078431,
        88.09523809523809,
        84.33823529411765,
        84.54656862745098,
        83.96291208791209
    ]
}