{
    "train_loss": [
        1.3948173676558284,
        1.3655000144037708,
        1.3143592856540438,
        1.276318562225508,
        1.1835436703072701,
        1.0473097694763904,
        0.9458583984963475,
        0.8355277817283914,
        0.7592832281671721,
        0.7205752350673917,
        0.5523368776277275,
        0.48305586829592223,
        0.4409249910641928,
        0.4625749356517342,
        0.3229619169949187,
        0.3309557606109474,
        0.3789162814292631,
        0.27623155458869175,
        0.46306292853316466,
        0.2962144450056358,
        0.2134257318103811,
        0.1831547945683751,
        0.1547016544595442,
        0.19258110438847065,
        0.28639340195162544,
        0.2295690448227898,
        0.14494230742895883,
        0.09796377032582805,
        0.07338800987975838,
        0.06301929208089999,
        0.07658940145303031,
        0.1128474781509428,
        0.10910916229889149,
        0.061496078765219224,
        0.41267744295583014,
        0.36088808525874266,
        0.2497830840939835,
        0.3141817977337569,
        0.1657500019307145,
        0.12843231281803114,
        0.07235647157213217,
        0.05789784428041543,
        0.06708422408670782,
        0.04964971460719777,
        0.11538126148256438,
        0.1430091582603766,
        0.31615071807279777
    ],
    "train_acc": [
        25.226860254083483,
        32.66787658802178,
        34.84573502722323,
        40.29038112522686,
        45.190562613430124,
        55.8983666061706,
        57.3502722323049,
        65.51724137931035,
        67.33212341197822,
        71.86932849364791,
        78.40290381125227,
        83.48457350272233,
        84.39201451905626,
        81.66969147005445,
        89.11070780399274,
        88.74773139745916,
        86.9328493647913,
        89.83666061705989,
        82.2141560798548,
        89.29219600725953,
        92.5589836660617,
        94.01088929219601,
        95.28130671506352,
        93.46642468239564,
        88.92921960072596,
        92.5589836660617,
        95.4627949183303,
        97.0961887477314,
        97.27767695099818,
        97.82214156079854,
        97.82214156079854,
        95.82577132486388,
        96.18874773139746,
        98.00362976406534,
        87.47731397459165,
        85.84392014519057,
        91.83303085299455,
        89.47368421052632,
        94.37386569872959,
        96.18874773139746,
        98.5480943738657,
        98.18511796733212,
        97.27767695099818,
        98.72958257713249,
        96.55172413793103,
        96.37023593466425,
        90.19963702359347
    ],
    "val_loss": [
        1.3451734781265259,
        1.331394340870154,
        1.2912661707314261,
        1.2255643414754938,
        1.0934771534300198,
        1.0662125810219423,
        0.9384287291199621,
        1.0098214876042666,
        0.7022103532387393,
        0.7389367170577502,
        0.5401312835025092,
        0.5583007427027625,
        0.4646238593289452,
        0.5671382022165034,
        0.5079356167655792,
        0.455968868340889,
        0.47076094672627694,
        0.5975663073524071,
        0.768500012637925,
        0.3680510065198815,
        0.41845977110584287,
        0.3715979343783246,
        0.3689468601976868,
        0.5982349169080274,
        0.42386828178036823,
        0.29493815576943166,
        0.25547753070501517,
        0.3037053650095515,
        0.32109379006998384,
        0.38235809344009763,
        0.3029421849353035,
        0.5010094921084216,
        0.35166050996767345,
        0.3764502747718544,
        0.5927300229124779,
        0.3752948230091673,
        0.44276827160459364,
        0.35413269644236045,
        0.2655651751824104,
        0.30835506861118506,
        0.3249963945131341,
        0.37312891485890115,
        0.3575430568715517,
        0.38541404663646306,
        0.4054240127957433,
        0.4456579618455067,
        0.3920358252460069
    ],
    "val_acc": [
        37.956204379562045,
        35.76642335766423,
        49.63503649635037,
        39.416058394160586,
        53.284671532846716,
        51.824817518248175,
        58.394160583941606,
        56.934306569343065,
        72.26277372262774,
        72.99270072992701,
        81.75182481751825,
        76.64233576642336,
        81.02189781021897,
        75.91240875912409,
        81.02189781021897,
        81.75182481751825,
        80.2919708029197,
        75.18248175182482,
        64.96350364963503,
        87.5912408759124,
        85.4014598540146,
        86.13138686131387,
        89.05109489051095,
        83.21167883211679,
        83.94160583941606,
        91.97080291970804,
        92.7007299270073,
        91.24087591240875,
        91.24087591240875,
        89.78102189781022,
        92.7007299270073,
        82.48175182481752,
        91.24087591240875,
        91.24087591240875,
        75.18248175182482,
        86.13138686131387,
        86.86131386861314,
        89.05109489051095,
        91.24087591240875,
        91.97080291970804,
        90.51094890510949,
        89.05109489051095,
        91.97080291970804,
        91.97080291970804,
        87.5912408759124,
        88.32116788321167,
        89.05109489051095
    ],
    "val_precision": [
        55.913242009132425,
        52.63157894736842,
        56.69123669123669,
        37.773401297497685,
        54.57875457875458,
        52.648809523809526,
        57.75252525252525,
        58.84323082361258,
        73.65855808214349,
        72.31144573816988,
        80.32352941176471,
        75.77777777777779,
        79.09417817954403,
        73.83086253369272,
        81.04703171591218,
        81.20817245817246,
        79.90997963908183,
        72.89433127847762,
        70.69326542161856,
        85.19986449864498,
        85.23882113821138,
        85.3970906694285,
        88.16576086956522,
        82.50232638530511,
        82.53639932419003,
        89.94424567680382,
        90.84432036473457,
        89.58020050125313,
        89.61309523809524,
        88.29702194357367,
        90.83333333333333,
        83.63061132415972,
        89.09222497932176,
        89.16758457907159,
        74.84889118063406,
        84.2662523150328,
        84.86277490425238,
        87.14587737843551,
        89.04761904761904,
        89.8247289095001,
        88.65740740740742,
        87.98440835867245,
        90.07964335804448,
        90.25484677923701,
        86.24854525379726,
        86.88766179914882,
        87.36949454054717
    ],
    "val_recall": [
        36.457908336733304,
        42.557119543043655,
        50.88569291445668,
        38.970828233374135,
        51.36134910920713,
        55.8734530123759,
        56.97300421596627,
        57.30484156126751,
        69.74262205902353,
        75.71229430164558,
        80.38249694002448,
        76.82102543179656,
        80.48381612947097,
        71.70848633210935,
        83.11777505779952,
        83.75084999320005,
        78.86882904936762,
        74.4155446756426,
        68.3156534747722,
        86.32156942744457,
        85.29477764177886,
        87.11444308445533,
        89.53896368829048,
        82.91513667890658,
        85.41751665986672,
        91.96144430844552,
        92.29090167278662,
        92.14028287773696,
        92.19196246430027,
        90.04283965728274,
        93.27723378212973,
        83.14361485108118,
        91.40588875288998,
        91.43172854617163,
        78.19087447300421,
        86.73092615259077,
        86.95702434380524,
        87.64177886576907,
        90.67149462804296,
        91.25288997688018,
        90.85033319733442,
        90.16999864001089,
        91.98728410172718,
        92.74751801985583,
        87.64177886576907,
        89.86638106895145,
        90.49945600435197
    ],