{
    "train_loss": [
        1.3875392208928647,
        1.3413794507151064,
        1.2594183925269307,
        1.1370904843012493,
        1.0551147892855215,
        0.9918560187021891,
        0.9035233336946239,
        0.7524759406628816,
        0.6664781993713932,
        0.6392064379609149,
        0.5174133103826771,
        0.5753857355186904,
        0.4511028923418211,
        0.36025938845199085,
        0.3013601085522037,
        0.3165431889718857,
        0.3694311531557553,
        0.3655331087285194,
        0.34879595300425653,
        0.25601203502088354,
        0.222205623012522,
        0.17579318394047627,
        0.1542691322232502,
        0.10322224607934123,
        0.13546810525914896,
        0.08572418912165407,
        0.10558028284298338,
        0.0858877717476824,
        0.1189242552196526,
        0.24199750360803327,
        0.18655666741340057,
        0.11779491449503796,
        0.15089844950083373,
        0.10657636464937874,
        0.07222872203134972,
        0.05076274350690453,
        0.17615802029984584,
        0.11503671443062848,
        0.15181919802790103,
        0.071377524525683,
        0.08717322426483683
    ],
    "train_acc": [
        26.630434782608695,
        34.78260869565217,
        42.7536231884058,
        48.369565217391305,
        51.630434782608695,
        55.43478260869565,
        61.05072463768116,
        68.47826086956522,
        73.0072463768116,
        75.72463768115942,
        78.6231884057971,
        76.44927536231884,
        81.8840579710145,
        86.59420289855072,
        89.31159420289855,
        88.76811594202898,
        86.41304347826087,
        85.8695652173913,
        86.59420289855072,
        89.85507246376811,
        93.1159420289855,
        93.65942028985508,
        94.20289855072464,
        96.3768115942029,
        94.7463768115942,
        97.64492753623189,
        97.10144927536231,
        97.28260869565217,
        95.65217391304348,
        90.03623188405797,
        94.3840579710145,
        95.28985507246377,
        95.1086956521739,
        96.19565217391305,
        97.64492753623189,
        98.73188405797102,
        94.02173913043478,
        95.65217391304348,
        94.56521739130434,
        98.73188405797102,
        97.28260869565217
    ],
    "val_loss": [
        1.3472506999969482,
        1.2570370435714722,
        1.1873847842216492,
        1.0991155505180359,
        1.1521332263946533,
        1.000232219696045,
        1.0605820417404175,
        0.9633006155490875,
        1.4584470093250275,
        0.8025688827037811,
        1.5872054696083069,
        0.8411630392074585,
        0.7567146718502045,
        0.5258875042200089,
        0.43008433282375336,
        0.43516772985458374,
        1.0874143242835999,
        0.5562003552913666,
        0.6297380924224854,
        0.5554515719413757,
        0.409141443669796,
        0.41161954402923584,
        0.41078615188598633,
        0.4161389106884599,
        0.6714855432510376,
        0.44827938079833984,
        0.34465416893363,
        0.5817398838698864,
        1.1016485542058945,
        0.6824382841587067,
        0.5912745893001556,
        0.49967165291309357,
        0.7011740952730179,
        0.48517388105392456,
        0.6367624513804913,
        0.4607251137495041,
        0.669227683916688,
        0.34950971603393555,
        0.6988831013441086,
        0.3518567308783531,
        0.6085146144032478
    ],
    "val_acc": [
        34.375,
        46.875,
        53.125,
        46.875,
        59.375,
        59.375,
        46.875,
        56.25,
        34.375,
        75.0,
        53.125,
        65.625,
        65.625,
        81.25,
        81.25,
        81.25,
        62.5,
        71.875,
        68.75,
        78.125,
        90.625,
        84.375,
        81.25,
        87.5,
        78.125,
        78.125,
        84.375,
        87.5,
        81.25,
        75.0,
        81.25,
        81.25,
        75.0,
        81.25,
        81.25,
        87.5,
        84.375,
        87.5,
        84.375,
        87.5,
        81.25
    ],
    "val_precision": [
        16.341991341991342,
        48.69565217391305,
        46.42857142857143,
        59.81203007518797,
        67.29166666666667,
        65.67460317460316,
        56.93627450980392,
        54.87734487734488,
        26.388888888888886,
        78.57142857142857,
        46.32352941176471,
        74.77678571428571,
        71.19047619047619,
        83.03571428571429,
        84.50126262626263,
        85.68181818181819,
        66.78571428571429,
        75.1948051948052,
        71.96969696969697,
        82.79220779220779,
        92.5,
        89.1826923076923,
        87.94642857142857,
        90.97222222222221,
        80.80357142857143,
        86.42857142857143,
        84.59145021645023,
        90.17857142857143,
        86.0576923076923,
        76.94444444444444,
        83.54166666666666,
        87.5,
        82.57575757575756,
        83.92857142857142,
        86.93181818181819,
        89.8989898989899,
        88.14102564102564,
        90.40404040404042,
        88.19444444444444,
        90.45454545454545,
        86.75213675213675
    ],
    "val_recall": [
        33.33333333333333,
        44.09722222222222,
        50.34722222222222,
        46.62698412698413,
        58.283730158730165,
        60.218253968253975,
        48.41269841269842,
        57.78769841269842,
        35.466269841269835,
        73.66071428571428,
        53.720238095238095,
        64.28571428571428,
        65.67460317460316,
        80.35714285714286,
        80.2579365079365,
        80.70436507936508,
        63.44246031746032,
        72.27182539682539,
        69.59325396825398,
        76.68650793650794,
        90.17857142857143,
        83.03571428571428,
        79.91071428571428,
        86.16071428571428,
        77.23214285714286,
        77.23214285714286,
        83.48214285714286,
        87.05357142857143,
        80.80357142857143,
        74.0079365079365,
        81.39880952380952,
        79.91071428571428,
        74.45436507936508,
        81.15079365079364,
        79.91071428571428,
        87.05357142857143,
        83.48214285714286,
        87.40079365079364,
        83.92857142857143,
        86.60714285714286,
        80.35714285714286
    ],
    "val_f1": [
        21.293103448275865,
        40.705128205128204,
        45.3315649867374,
        41.541005291005284,
        59.375,
        59.791666666666664,
        47.916666666666664,
        55.18575851393188,
        29.758454106280197,
        74.23554706163402,
        47.023809523809526,
        62.28571428571428,
        66.05790043290042,
        80.71428571428572,
        80.64505347593582,
        81.7063492063492,
        63.36905612447408,
        71.32509303561935,
        70.11828213066605,
        76.05263157894737,
        90.4119272540325,
        83.84469696969697,
        81.05060700169395,
        86.47313470842882,
        77.32600732600733,
        78.81410256410255,
        83.60576923076923,
        87.08791208791209,
        80.45454545454547,
        74.15966386554622,
        81.59722222222221,
        81.08036890645587,
        74.968671679198,
        81.15641668273247,
        79.89379042010621,
        87.59372979961213,
        84.44721944721945,
        87.7803483066641,
        84.32449903038139,
        86.98412698412697,
        81.10688331276567
    ]
}