{
    "train_loss": [
        1.374622056449669,
        1.282920660747998,
        1.1758003135522206,
        1.1221582405809043,
        1.0272932177868441,
        0.9247319538524186,
        0.8162702472097632,
        0.7498742201621982,
        0.6922739170815634,
        0.6465254317483177,
        0.592640653954468,
        0.5170465033987294,
        0.5191302541643381,
        0.4743241959629391,
        0.4326641892109984,
        0.388037810648751,
        0.3720097156929905,
        0.38884853869609104,
        0.37014079720888665,
        0.35230189586814115,
        0.30191061045110656,
        0.2536966005184998,
        0.23676042320658924,
        0.20233954359234,
        0.17661161416849674,
        0.15968825469515624,
        0.1640633107323294,
        0.15121603602766182,
        0.1886053714627886,
        0.15322060869547768,
        0.1473909977020399,
        0.1308863584856516,
        0.09542524337345074,
        0.10723421714298995,
        0.13721305767788747,
        0.2571410793698042,
        0.19047289232295714,
        0.1652004431285288,
        0.10773848532024177,
        0.10961198205852955,
        0.07591974297247361,
        0.06625349479356268,
        0.05717804328900377,
        0.0571372747913499,
        0.053737891481116254,
        0.04928158565129759,
        0.04887999384031307,
        0.041574618137573176,
        0.04103753130450217
    ],
    "train_acc": [
        30.253623188405797,
        38.22463768115942,
        44.7463768115942,
        49.27536231884058,
        55.97826086956522,
        63.94927536231884,
        67.93478260869566,
        69.3840579710145,
        71.3768115942029,
        74.81884057971014,
        76.26811594202898,
        80.43478260869566,
        78.26086956521739,
        82.97101449275362,
        82.42753623188406,
        85.14492753623189,
        84.05797101449275,
        86.05072463768116,
        86.59420289855072,
        85.32608695652173,
        88.94927536231884,
        91.1231884057971,
        90.39855072463769,
        94.20289855072464,
        94.20289855072464,
        94.7463768115942,
        93.84057971014492,
        95.1086956521739,
        93.47826086956522,
        94.3840579710145,
        95.1086956521739,
        95.1086956521739,
        97.46376811594203,
        96.73913043478261,
        94.3840579710145,
        90.94202898550725,
        93.84057971014492,
        94.92753623188406,
        96.73913043478261,
        96.01449275362319,
        98.0072463768116,
        98.55072463768116,
        98.73188405797102,
        98.91304347826087,
        99.27536231884058,
        99.27536231884058,
        98.91304347826087,
        99.45652173913044,
        99.09420289855072
    ],
    "val_loss": [
        1.2900926321744919,
        1.2406229227781296,
        1.1028031930327415,
        1.0821480751037598,
        1.0345312058925629,
        0.9076457023620605,
        0.8115177527070045,
        0.8101284392178059,
        0.7586495224386454,
        0.6318642348051071,
        0.6379108992405236,
        0.6007045675069094,
        0.5706998091191053,
        0.7716015353798866,
        0.6266702674329281,
        0.4995277812704444,
        0.5355021255090833,
        0.6290816254913807,
        0.5289353185798973,
        0.42465031426399946,
        0.3412441702093929,
        0.4533463781699538,
        0.5410245591774583,
        0.43344295769929886,
        0.49526485055685043,
        0.5039636557921767,
        0.43256279081106186,
        0.4579456280916929,
        0.3745151930488646,
        0.48970693815499544,
        0.5329318614676595,
        0.49207201646640897,
        0.4882828271947801,
        0.5512867253273726,
        0.8286270415410399,
        0.5507664363831282,
        0.6486852690577507,
        0.47695865156129,
        0.4220047921407968,
        0.5752702434547246,
        0.5289664599113166,
        0.5285913650877774,
        0.5442203546408564,
        0.516343719093129,
        0.562396896071732,
        0.5017251076642424,
        0.5116362501867115,
        0.5671169208362699,
        0.5782870328985155
    ],
    "val_acc": [
        40.625,
        37.5,
        50.0,
        53.125,
        59.375,
        62.5,
        75.0,
        65.625,
        62.5,
        81.25,
        84.375,
        81.25,
        81.25,
        65.625,
        84.375,
        81.25,
        75.0,
        78.125,
        71.875,
        84.375,
        87.5,
        84.375,
        81.25,
        90.625,
        81.25,
        87.5,
        78.125,
        84.375,
        84.375,
        84.375,
        84.375,
        84.375,
        84.375,
        81.25,
        68.75,
        84.375,
        78.125,
        84.375,
        81.25,
        81.25,
        84.375,
        84.375,
        84.375,
        84.375,
        84.375,
        84.375,
        84.375,
        81.25,
        84.375
    ],
    "val_precision": [
        31.8452380952381,
        18.333333333333336,
        55.294117647058826,
        67.91666666666667,
        71.12179487179488,
        65.17857142857143,
        79.02777777777777,
        70.23809523809523,
        65.5952380952381,
        86.25,
        88.18181818181819,
        84.05483405483405,
        81.74603174603175,
        67.2979797979798,
        88.09523809523809,
        82.57936507936508,
        75.39682539682539,
        83.33333333333333,
        71.42857142857143,
        84.73214285714286,
        90.4040404040404,
        84.62301587301587,
        82.31872294372296,
        91.31944444444444,
        82.53968253968253,
        88.65079365079366,
        81.8452380952381,
        84.73214285714286,
        86.03896103896105,
        84.73214285714286,
        88.09523809523809,
        86.4853896103896,
        84.52380952380952,
        82.67857142857142,
        73.95833333333334,
        85.27777777777779,
        79.76190476190476,
        88.09523809523809,
        84.375,
        83.45959595959596,
        85.83333333333334,
        85.83333333333334,
        85.83333333333334,
        86.23737373737374,
        85.83333333333334,
        85.83333333333334,
        85.83333333333334,
        83.45959595959596,
        85.83333333333334
    ],
    "val_recall": [
        38.88888888888889,
        36.11111111111111,
        49.057539682539684,
        51.14087301587301,
        57.83730158730158,
        63.24404761904761,
        75.24801587301587,
        66.02182539682539,
        64.48412698412699,
        79.91071428571428,
        83.82936507936508,
        81.0515873015873,
        81.49801587301587,
        65.22817460317461,
        84.27579365079364,
        82.19246031746033,
        75.94246031746033,
        77.1329365079365,
        73.51190476190477,
        84.62301587301587,
        86.95436507936508,
        85.41666666666666,
        81.15079365079364,
        90.52579365079364,
        81.49801587301587,
        87.40079365079364,
        78.37301587301587,
        84.62301587301587,
        84.27579365079364,
        84.27579365079364,
        84.27579365079364,
        84.27579365079364,
        84.62301587301587,
        81.49801587301587,
        69.49404761904762,
        83.82936507936508,
        78.72023809523809,
        84.27579365079364,
        81.15079365079364,
        81.15079365079364,
        84.27579365079364,
        84.27579365079364,
        84.27579365079364,
        84.27579365079364,
        84.27579365079364,
        84.27579365079364,
        84.27579365079364,
        81.15079365079364,
        84.27579365079364
    ],