{
    "train_loss": [
        1.397539066231769,
        1.3135760849800662,
        1.2224270502726238,
        1.1176459970681563,
        1.0266047854354416,
        0.9400331948114478,
        0.8240958659545236,
        0.6954171117665111,
        0.6547991702522057,
        0.6022280493508214,
        0.4960366936697476,
        0.5261729126391204,
        0.436468504909156,
        0.37820577794227045,
        0.3484594230202661,
        0.364543546801028,
        0.38661953245384106,
        0.3064301549524501,
        0.3081626610803431,
        0.22268127120923306,
        0.1876721429652062,
        0.15764712358730426,
        0.1262477563991063,
        0.12272128306221271,
        0.09505052274713914,
        0.10439847774155762,
        0.11460358955883894,
        0.10862816530077354,
        0.09053894885532233,
        0.09679498804220255,
        0.07105996199222146,
        0.05656940630043222,
        0.06735229601516672,
        0.07491603188648605,
        0.07580844848754181,
        0.038537079441374626,
        0.049159748020811356,
        0.06665515793703389,
        0.06972016986675453,
        0.04219957606435038,
        0.027867847068262272,
        0.019230475811206776,
        0.01922002822106731,
        0.01688573330613798,
        0.017486009375610644,
        0.014749789033490031,
        0.016049518135200808,
        0.013630018421057342,
        0.013979114457101061,
        0.011411176687376439,
        0.009890002654055539,
        0.008548447241385778,
        0.009007825286708016,
        0.009870974212021067
    ],
    "train_acc": [
        26.08695652173913,
        40.21739130434783,
        44.02173913043478,
        46.92028985507246,
        56.52173913043478,
        61.05072463768116,
        66.1231884057971,
        73.0072463768116,
        76.6304347826087,
        78.26086956521739,
        81.34057971014492,
        81.15942028985508,
        85.14492753623189,
        85.8695652173913,
        88.22463768115942,
        86.77536231884058,
        86.77536231884058,
        88.40579710144928,
        89.1304347826087,
        91.84782608695652,
        94.56521739130434,
        95.28985507246377,
        96.3768115942029,
        96.55797101449275,
        98.18840579710145,
        96.92028985507247,
        96.19565217391305,
        96.73913043478261,
        97.46376811594203,
        98.0072463768116,
        98.55072463768116,
        98.91304347826087,
        98.55072463768116,
        98.18840579710145,
        97.46376811594203,
        99.27536231884058,
        98.91304347826087,
        97.82608695652173,
        98.0072463768116,
        99.27536231884058,
        99.6376811594203,
        100.0,
        100.0,
        100.0,
        100.0,
        100.0,
        100.0,
        99.81884057971014,
        100.0,
        100.0,
        100.0,
        100.0,
        100.0,
        100.0
    ],
    "val_loss": [
        1.309947669506073,
        1.216816782951355,
        1.162335216999054,
        1.0783621072769165,
        1.0203403234481812,
        0.8893606066703796,
        0.7901909947395325,
        0.7446755468845367,
        0.8028712272644043,
        0.7297082543373108,
        0.588318943977356,
        0.5054599195718765,
        0.44532254338264465,
        0.4621884822845459,
        0.4086700677871704,
        0.40620096027851105,
        0.48273029923439026,
        0.37303437292575836,
        0.4288908988237381,
        0.6062495559453964,
        0.41119690984487534,
        0.2889721095561981,
        0.36770348995923996,
        0.38635895401239395,
        0.33297551423311234,
        0.28744204342365265,
        0.30969275534152985,
        0.36456531286239624,
        0.35105516761541367,
        0.3460845649242401,
        0.39363304525613785,
        0.34162697941064835,
        0.3414956256747246,
        0.3822861462831497,
        0.3622225150465965,
        0.341607965528965,
        0.30091768503189087,
        0.2845311313867569,
        0.550035759806633,
        0.44336362183094025,
        0.40439432859420776,
        0.4111385941505432,
        0.4110879898071289,
        0.40400534868240356,
        0.41613052040338516,
        0.39925408363342285,
        0.41040509194135666,
        0.4266808182001114,
        0.4091874808073044,
        0.40209172666072845,
        0.4005666971206665,
        0.3921307101845741,
        0.39541275054216385,
        0.39739904552698135
    ],
    "val_acc": [
        40.625,
        43.75,
        56.25,
        62.5,
        59.375,
        68.75,
        59.375,
        68.75,
        71.875,
        71.875,
        81.25,
        84.375,
        75.0,
        75.0,
        87.5,
        87.5,
        71.875,
        84.375,
        78.125,
        81.25,
        87.5,
        87.5,
        84.375,
        87.5,
        87.5,
        87.5,
        87.5,
        87.5,
        90.625,
        87.5,
        84.375,
        87.5,
        87.5,
        90.625,
        87.5,
        84.375,
        87.5,
        84.375,
        84.375,
        87.5,
        87.5,
        87.5,
        84.375,
        84.375,
        84.375,
        84.375,
        84.375,
        84.375,
        87.5,
        87.5,
        87.5,
        90.625,
        90.625,
        87.5
    ],
    "val_precision": [
        47.61904761904761,
        54.97076023391813,
        73.47222222222223,
        70.3030303030303,
        71.78571428571428,
        67.85714285714286,
        68.75,
        75.06868131868131,
        73.4090909090909,
        77.65151515151516,
        83.81944444444444,
        88.54166666666666,
        75.83333333333334,
        75.39682539682539,
        90.625,
        87.70833333333334,
        72.70833333333333,
        88.73626373626374,
        79.8015873015873,
        84.375,
        91.66666666666666,
        88.30357142857143,
        84.52380952380952,
        88.75,
        88.30357142857143,
        88.30357142857143,
        88.30357142857143,
        88.30357142857143,
        92.22222222222221,
        88.30357142857143,
        85.89015151515152,
        88.30357142857143,
        88.30357142857143,
        92.5,
        88.30357142857143,
        85.83333333333334,
        89.44444444444444,
        85.87301587301587,
        84.62301587301587,
        88.30357142857143,
        88.30357142857143,
        88.30357142857143,
        85.87301587301587,
        85.87301587301587,
        85.87301587301587,
        85.87301587301587,
        85.87301587301587,
        85.87301587301587,
        88.30357142857143,
        88.30357142857143,
        88.30357142857143,
        90.87301587301587,
        90.87301587301587,
        88.30357142857143
    ],